{
  "病理Agent": [
    [
      0.8500000000000001,
      1
    ],
    [
      0.77,
      0
    ],
    [
      0.9,
      1
    ],
    [
      0.61,
      0
    ],
    [
      0.9,
      1
    ],
    [
      0.8500000000000001,
      1
    ],
    [
      0.8500000000000001,
      1
    ],
    [
      0.53,
      0
    ],
    [
      0.61,
      1
    ],
    [
      0.69,
      1
    ],
    [
      0.38,
      1
    ]
  ],
  "气象Agent": [
    [
      0.72,
      1
    ],
    [
      0.72,
      1
    ],
    [
      0.72,
      1
    ],
    [
      0.72,
      1
    ],
    [
      0.72,
      1
    ],
    [
      0.72,
      1
    ],
    [
      0.72,
      1
    ],
    [
      0.72,
      1
    ],
    [
      0.72,
      1
    ],
    [
      0.72,
      1
    ],
    [
      0.43,
      1
    ],
    [
      0.72,
      1
    ]
  ],
  "栽培Agent": [
    [
      0.68,
      1
    ],
    [
      0.68,
      1
    ],
    [
      0.68,
      1
    ],
    [
      0.68,
      1
    ],
    [
      0.68,
      1
    ],
    [
      0.68,
      1
    ],
    [
      0.68,
      1
    ],
    [
      0.68,
      1
    ],
    [
      0.68,
      1
    ],
    [
      0.68,
      1
    ],
    [
      0.68,
      1
    ],
    [
      0.68,
      1
    ]
  ],
  "经济Agent": [
    [
      0.62,
      1
    ],
    [
      0.62,
      1
    ],
    [
      0.58,
      1
    ],
    [
      0.58,
      1
    ],
    [
      0.62,
      1
    ],
    [
      0.62,
      1
    ],
    [
      0.58,
      1
    ],
    [
      0.62,
      1
    ],
    [
      0.62,
      1
    ],
    [
      0.58,
      1
    ],
    [
      0.62,
      1
    ],
    [
      0.62,
      1
    ]
  ],
  "生态Agent": [
    [
      0.6,
      1
    ],
    [
      0.6,
      1
    ],
    [
      0.65,
      1
    ],
    [
      0.65,
      1
    ],
    [
      0.6,
      1
    ],
    [
      0.65,
      1
    ],
    [
      0.65,
      1
    ],
    [
      0.65,
      1
    ],
    [
      0.65,
      1
    ],
    [
      0.65,
      1
    ],
    [
      0.6,
      1
    ],
    [
      0.6,
      1
    ]
  ]
}